{
  "ABIRoot": {
    "kind": "Root",
    "name": "TopLevel",
    "printedName": "TopLevel",
    "children": [
      {
        "kind": "Import",
        "name": "Foundation",
        "printedName": "Foundation",
        "declKind": "Import",
        "moduleName": "asr",
        "declAttributes": [
          "RawDocComment"
        ]
      },
      {
        "kind": "Import",
        "name": "whisper_cpp",
        "printedName": "whisper_cpp",
        "declKind": "Import",
        "moduleName": "asr",
        "declAttributes": [
          "ImplementationOnly"
        ]
      },
      {
        "kind": "Import",
        "name": "Foundation",
        "printedName": "Foundation",
        "declKind": "Import",
        "moduleName": "asr",
        "declAttributes": [
          "RawDocComment"
        ]
      },
      {
        "kind": "Import",
        "name": "AVFoundation",
        "printedName": "AVFoundation",
        "declKind": "Import",
        "moduleName": "asr"
      },
      {
        "kind": "TypeDecl",
        "name": "ASR",
        "printedName": "ASR",
        "children": [
          {
            "kind": "Var",
            "name": "onMessageLogUpdate",
            "printedName": "onMessageLogUpdate",
            "children": [
              {
                "kind": "TypeNominal",
                "name": "Optional",
                "printedName": "((Swift.String) -> ())?",
                "children": [
                  {
                    "kind": "TypeFunc",
                    "name": "Function",
                    "printedName": "(Swift.String) -> ()",
                    "children": [
                      {
                        "kind": "TypeNominal",
                        "name": "Void",
                        "printedName": "()"
                      },
                      {
                        "kind": "TypeNominal",
                        "name": "String",
                        "printedName": "Swift.String",
                        "usr": "s:SS"
                      }
                    ]
                  }
                ],
                "usr": "s:Sq"
              }
            ],
            "declKind": "Var",
            "usr": "s:3asr3ASRC18onMessageLogUpdateySScSgvp",
            "mangledName": "$s3asr3ASRC18onMessageLogUpdateySScSgvp",
            "moduleName": "asr",
            "declAttributes": [
              "HasInitialValue",
              "HasStorage",
              "Custom",
              "AccessControl"
            ],
            "hasStorage": true,
            "accessors": [
              {
                "kind": "Accessor",
                "name": "Get",
                "printedName": "Get()",
                "children": [
                  {
                    "kind": "TypeNominal",
                    "name": "Optional",
                    "printedName": "((Swift.String) -> ())?",
                    "children": [
                      {
                        "kind": "TypeFunc",
                        "name": "Function",
                        "printedName": "(Swift.String) -> ()",
                        "children": [
                          {
                            "kind": "TypeNominal",
                            "name": "Void",
                            "printedName": "()"
                          },
                          {
                            "kind": "TypeNominal",
                            "name": "String",
                            "printedName": "Swift.String",
                            "usr": "s:SS"
                          }
                        ]
                      }
                    ],
                    "usr": "s:Sq"
                  }
                ],
                "declKind": "Accessor",
                "usr": "s:3asr3ASRC18onMessageLogUpdateySScSgvg",
                "mangledName": "$s3asr3ASRC18onMessageLogUpdateySScSgvg",
                "moduleName": "asr",
                "implicit": true,
                "accessorKind": "get"
              },
              {
                "kind": "Accessor",
                "name": "Set",
                "printedName": "Set()",
                "children": [
                  {
                    "kind": "TypeNominal",
                    "name": "Void",
                    "printedName": "()"
                  },
                  {
                    "kind": "TypeNominal",
                    "name": "Optional",
                    "printedName": "((Swift.String) -> ())?",
                    "children": [
                      {
                        "kind": "TypeFunc",
                        "name": "Function",
                        "printedName": "(Swift.String) -> ()",
                        "children": [
                          {
                            "kind": "TypeNominal",
                            "name": "Void",
                            "printedName": "()"
                          },
                          {
                            "kind": "TypeNominal",
                            "name": "String",
                            "printedName": "Swift.String",
                            "usr": "s:SS"
                          }
                        ]
                      }
                    ],
                    "usr": "s:Sq"
                  }
                ],
                "declKind": "Accessor",
                "usr": "s:3asr3ASRC18onMessageLogUpdateySScSgvs",
                "mangledName": "$s3asr3ASRC18onMessageLogUpdateySScSgvs",
                "moduleName": "asr",
                "implicit": true,
                "accessorKind": "set"
              },
              {
                "kind": "Accessor",
                "name": "Modify",
                "printedName": "Modify()",
                "children": [
                  {
                    "kind": "TypeNominal",
                    "name": "Void",
                    "printedName": "()"
                  }
                ],
                "declKind": "Accessor",
                "usr": "s:3asr3ASRC18onMessageLogUpdateySScSgvM",
                "mangledName": "$s3asr3ASRC18onMessageLogUpdateySScSgvM",
                "moduleName": "asr",
                "implicit": true,
                "accessorKind": "_modify"
              }
            ]
          },
          {
            "kind": "Var",
            "name": "messageLog",
            "printedName": "messageLog",
            "children": [
              {
                "kind": "TypeNominal",
                "name": "String",
                "printedName": "Swift.String",
                "usr": "s:SS"
              }
            ],
            "declKind": "Var",
            "usr": "s:3asr3ASRC10messageLogSSvp",
            "mangledName": "$s3asr3ASRC10messageLogSSvp",
            "moduleName": "asr",
            "declAttributes": [
              "HasInitialValue",
              "HasStorage",
              "Custom",
              "AccessControl"
            ],
            "hasStorage": true,
            "accessors": [
              {
                "kind": "Accessor",
                "name": "Get",
                "printedName": "Get()",
                "children": [
                  {
                    "kind": "TypeNominal",
                    "name": "String",
                    "printedName": "Swift.String",
                    "usr": "s:SS"
                  }
                ],
                "declKind": "Accessor",
                "usr": "s:3asr3ASRC10messageLogSSvg",
                "mangledName": "$s3asr3ASRC10messageLogSSvg",
                "moduleName": "asr",
                "implicit": true,
                "accessorKind": "get"
              },
              {
                "kind": "Accessor",
                "name": "Set",
                "printedName": "Set()",
                "children": [
                  {
                    "kind": "TypeNominal",
                    "name": "Void",
                    "printedName": "()"
                  },
                  {
                    "kind": "TypeNominal",
                    "name": "String",
                    "printedName": "Swift.String",
                    "usr": "s:SS"
                  }
                ],
                "declKind": "Accessor",
                "usr": "s:3asr3ASRC10messageLogSSvs",
                "mangledName": "$s3asr3ASRC10messageLogSSvs",
                "moduleName": "asr",
                "implicit": true,
                "accessorKind": "set"
              },
              {
                "kind": "Accessor",
                "name": "Modify",
                "printedName": "Modify()",
                "children": [
                  {
                    "kind": "TypeNominal",
                    "name": "Void",
                    "printedName": "()"
                  }
                ],
                "declKind": "Accessor",
                "usr": "s:3asr3ASRC10messageLogSSvM",
                "mangledName": "$s3asr3ASRC10messageLogSSvM",
                "moduleName": "asr",
                "implicit": true,
                "accessorKind": "_modify"
              }
            ]
          },
          {
            "kind": "Var",
            "name": "onMessageLiveUpdate",
            "printedName": "onMessageLiveUpdate",
            "children": [
              {
                "kind": "TypeNominal",
                "name": "Optional",
                "printedName": "((Swift.String) -> ())?",
                "children": [
                  {
                    "kind": "TypeFunc",
                    "name": "Function",
                    "printedName": "(Swift.String) -> ()",
                    "children": [
                      {
                        "kind": "TypeNominal",
                        "name": "Void",
                        "printedName": "()"
                      },
                      {
                        "kind": "TypeNominal",
                        "name": "String",
                        "printedName": "Swift.String",
                        "usr": "s:SS"
                      }
                    ]
                  }
                ],
                "usr": "s:Sq"
              }
            ],
            "declKind": "Var",
            "usr": "s:3asr3ASRC19onMessageLiveUpdateySScSgvp",
            "mangledName": "$s3asr3ASRC19onMessageLiveUpdateySScSgvp",
            "moduleName": "asr",
            "declAttributes": [
              "HasInitialValue",
              "HasStorage",
              "Custom",
              "AccessControl"
            ],
            "hasStorage": true,
            "accessors": [
              {
                "kind": "Accessor",
                "name": "Get",
                "printedName": "Get()",
                "children": [
                  {
                    "kind": "TypeNominal",
                    "name": "Optional",
                    "printedName": "((Swift.String) -> ())?",
                    "children": [
                      {
                        "kind": "TypeFunc",
                        "name": "Function",
                        "printedName": "(Swift.String) -> ()",
                        "children": [
                          {
                            "kind": "TypeNominal",
                            "name": "Void",
                            "printedName": "()"
                          },
                          {
                            "kind": "TypeNominal",
                            "name": "String",
                            "printedName": "Swift.String",
                            "usr": "s:SS"
                          }
                        ]
                      }
                    ],
                    "usr": "s:Sq"
                  }
                ],
                "declKind": "Accessor",
                "usr": "s:3asr3ASRC19onMessageLiveUpdateySScSgvg",
                "mangledName": "$s3asr3ASRC19onMessageLiveUpdateySScSgvg",
                "moduleName": "asr",
                "implicit": true,
                "accessorKind": "get"
              },
              {
                "kind": "Accessor",
                "name": "Set",
                "printedName": "Set()",
                "children": [
                  {
                    "kind": "TypeNominal",
                    "name": "Void",
                    "printedName": "()"
                  },
                  {
                    "kind": "TypeNominal",
                    "name": "Optional",
                    "printedName": "((Swift.String) -> ())?",
                    "children": [
                      {
                        "kind": "TypeFunc",
                        "name": "Function",
                        "printedName": "(Swift.String) -> ()",
                        "children": [
                          {
                            "kind": "TypeNominal",
                            "name": "Void",
                            "printedName": "()"
                          },
                          {
                            "kind": "TypeNominal",
                            "name": "String",
                            "printedName": "Swift.String",
                            "usr": "s:SS"
                          }
                        ]
                      }
                    ],
                    "usr": "s:Sq"
                  }
                ],
                "declKind": "Accessor",
                "usr": "s:3asr3ASRC19onMessageLiveUpdateySScSgvs",
                "mangledName": "$s3asr3ASRC19onMessageLiveUpdateySScSgvs",
                "moduleName": "asr",
                "implicit": true,
                "accessorKind": "set"
              },
              {
                "kind": "Accessor",
                "name": "Modify",
                "printedName": "Modify()",
                "children": [
                  {
                    "kind": "TypeNominal",
                    "name": "Void",
                    "printedName": "()"
                  }
                ],
                "declKind": "Accessor",
                "usr": "s:3asr3ASRC19onMessageLiveUpdateySScSgvM",
                "mangledName": "$s3asr3ASRC19onMessageLiveUpdateySScSgvM",
                "moduleName": "asr",
                "implicit": true,
                "accessorKind": "_modify"
              }
            ]
          },
          {
            "kind": "Var",
            "name": "messageLive",
            "printedName": "messageLive",
            "children": [
              {
                "kind": "TypeNominal",
                "name": "String",
                "printedName": "Swift.String",
                "usr": "s:SS"
              }
            ],
            "declKind": "Var",
            "usr": "s:3asr3ASRC11messageLiveSSvp",
            "mangledName": "$s3asr3ASRC11messageLiveSSvp",
            "moduleName": "asr",
            "declAttributes": [
              "HasInitialValue",
              "HasStorage",
              "Custom",
              "AccessControl"
            ],
            "hasStorage": true,
            "accessors": [
              {
                "kind": "Accessor",
                "name": "Get",
                "printedName": "Get()",
                "children": [
                  {
                    "kind": "TypeNominal",
                    "name": "String",
                    "printedName": "Swift.String",
                    "usr": "s:SS"
                  }
                ],
                "declKind": "Accessor",
                "usr": "s:3asr3ASRC11messageLiveSSvg",
                "mangledName": "$s3asr3ASRC11messageLiveSSvg",
                "moduleName": "asr",
                "implicit": true,
                "accessorKind": "get"
              },
              {
                "kind": "Accessor",
                "name": "Set",
                "printedName": "Set()",
                "children": [
                  {
                    "kind": "TypeNominal",
                    "name": "Void",
                    "printedName": "()"
                  },
                  {
                    "kind": "TypeNominal",
                    "name": "String",
                    "printedName": "Swift.String",
                    "usr": "s:SS"
                  }
                ],
                "declKind": "Accessor",
                "usr": "s:3asr3ASRC11messageLiveSSvs",
                "mangledName": "$s3asr3ASRC11messageLiveSSvs",
                "moduleName": "asr",
                "implicit": true,
                "accessorKind": "set"
              },
              {
                "kind": "Accessor",
                "name": "Modify",
                "printedName": "Modify()",
                "children": [
                  {
                    "kind": "TypeNominal",
                    "name": "Void",
                    "printedName": "()"
                  }
                ],
                "declKind": "Accessor",
                "usr": "s:3asr3ASRC11messageLiveSSvM",
                "mangledName": "$s3asr3ASRC11messageLiveSSvM",
                "moduleName": "asr",
                "implicit": true,
                "accessorKind": "_modify"
              }
            ]
          },
          {
            "kind": "Var",
            "name": "onErrorLogUpdate",
            "printedName": "onErrorLogUpdate",
            "children": [
              {
                "kind": "TypeNominal",
                "name": "Optional",
                "printedName": "((Swift.String) -> ())?",
                "children": [
                  {
                    "kind": "TypeFunc",
                    "name": "Function",
                    "printedName": "(Swift.String) -> ()",
                    "children": [
                      {
                        "kind": "TypeNominal",
                        "name": "Void",
                        "printedName": "()"
                      },
                      {
                        "kind": "TypeNominal",
                        "name": "String",
                        "printedName": "Swift.String",
                        "usr": "s:SS"
                      }
                    ]
                  }
                ],
                "usr": "s:Sq"
              }
            ],
            "declKind": "Var",
            "usr": "s:3asr3ASRC16onErrorLogUpdateySScSgvp",
            "mangledName": "$s3asr3ASRC16onErrorLogUpdateySScSgvp",
            "moduleName": "asr",
            "declAttributes": [
              "HasInitialValue",
              "HasStorage",
              "Custom",
              "AccessControl"
            ],
            "hasStorage": true,
            "accessors": [
              {
                "kind": "Accessor",
                "name": "Get",
                "printedName": "Get()",
                "children": [
                  {
                    "kind": "TypeNominal",
                    "name": "Optional",
                    "printedName": "((Swift.String) -> ())?",
                    "children": [
                      {
                        "kind": "TypeFunc",
                        "name": "Function",
                        "printedName": "(Swift.String) -> ()",
                        "children": [
                          {
                            "kind": "TypeNominal",
                            "name": "Void",
                            "printedName": "()"
                          },
                          {
                            "kind": "TypeNominal",
                            "name": "String",
                            "printedName": "Swift.String",
                            "usr": "s:SS"
                          }
                        ]
                      }
                    ],
                    "usr": "s:Sq"
                  }
                ],
                "declKind": "Accessor",
                "usr": "s:3asr3ASRC16onErrorLogUpdateySScSgvg",
                "mangledName": "$s3asr3ASRC16onErrorLogUpdateySScSgvg",
                "moduleName": "asr",
                "implicit": true,
                "accessorKind": "get"
              },
              {
                "kind": "Accessor",
                "name": "Set",
                "printedName": "Set()",
                "children": [
                  {
                    "kind": "TypeNominal",
                    "name": "Void",
                    "printedName": "()"
                  },
                  {
                    "kind": "TypeNominal",
                    "name": "Optional",
                    "printedName": "((Swift.String) -> ())?",
                    "children": [
                      {
                        "kind": "TypeFunc",
                        "name": "Function",
                        "printedName": "(Swift.String) -> ()",
                        "children": [
                          {
                            "kind": "TypeNominal",
                            "name": "Void",
                            "printedName": "()"
                          },
                          {
                            "kind": "TypeNominal",
                            "name": "String",
                            "printedName": "Swift.String",
                            "usr": "s:SS"
                          }
                        ]
                      }
                    ],
                    "usr": "s:Sq"
                  }
                ],
                "declKind": "Accessor",
                "usr": "s:3asr3ASRC16onErrorLogUpdateySScSgvs",
                "mangledName": "$s3asr3ASRC16onErrorLogUpdateySScSgvs",
                "moduleName": "asr",
                "implicit": true,
                "accessorKind": "set"
              },
              {
                "kind": "Accessor",
                "name": "Modify",
                "printedName": "Modify()",
                "children": [
                  {
                    "kind": "TypeNominal",
                    "name": "Void",
                    "printedName": "()"
                  }
                ],
                "declKind": "Accessor",
                "usr": "s:3asr3ASRC16onErrorLogUpdateySScSgvM",
                "mangledName": "$s3asr3ASRC16onErrorLogUpdateySScSgvM",
                "moduleName": "asr",
                "implicit": true,
                "accessorKind": "_modify"
              }
            ]
          },
          {
            "kind": "Var",
            "name": "errorLog",
            "printedName": "errorLog",
            "children": [
              {
                "kind": "TypeNominal",
                "name": "String",
                "printedName": "Swift.String",
                "usr": "s:SS"
              }
            ],
            "declKind": "Var",
            "usr": "s:3asr3ASRC8errorLogSSvp",
            "mangledName": "$s3asr3ASRC8errorLogSSvp",
            "moduleName": "asr",
            "declAttributes": [
              "HasInitialValue",
              "HasStorage",
              "Custom",
              "AccessControl"
            ],
            "hasStorage": true,
            "accessors": [
              {
                "kind": "Accessor",
                "name": "Get",
                "printedName": "Get()",
                "children": [
                  {
                    "kind": "TypeNominal",
                    "name": "String",
                    "printedName": "Swift.String",
                    "usr": "s:SS"
                  }
                ],
                "declKind": "Accessor",
                "usr": "s:3asr3ASRC8errorLogSSvg",
                "mangledName": "$s3asr3ASRC8errorLogSSvg",
                "moduleName": "asr",
                "implicit": true,
                "accessorKind": "get"
              },
              {
                "kind": "Accessor",
                "name": "Set",
                "printedName": "Set()",
                "children": [
                  {
                    "kind": "TypeNominal",
                    "name": "Void",
                    "printedName": "()"
                  },
                  {
                    "kind": "TypeNominal",
                    "name": "String",
                    "printedName": "Swift.String",
                    "usr": "s:SS"
                  }
                ],
                "declKind": "Accessor",
                "usr": "s:3asr3ASRC8errorLogSSvs",
                "mangledName": "$s3asr3ASRC8errorLogSSvs",
                "moduleName": "asr",
                "implicit": true,
                "accessorKind": "set"
              },
              {
                "kind": "Accessor",
                "name": "Modify",
                "printedName": "Modify()",
                "children": [
                  {
                    "kind": "TypeNominal",
                    "name": "Void",
                    "printedName": "()"
                  }
                ],
                "declKind": "Accessor",
                "usr": "s:3asr3ASRC8errorLogSSvM",
                "mangledName": "$s3asr3ASRC8errorLogSSvM",
                "moduleName": "asr",
                "implicit": true,
                "accessorKind": "_modify"
              }
            ]
          },
          {
            "kind": "Var",
            "name": "canTranscribeChanged",
            "printedName": "canTranscribeChanged",
            "children": [
              {
                "kind": "TypeNominal",
                "name": "Optional",
                "printedName": "((Swift.Bool) -> ())?",
                "children": [
                  {
                    "kind": "TypeFunc",
                    "name": "Function",
                    "printedName": "(Swift.Bool) -> ()",
                    "children": [
                      {
                        "kind": "TypeNominal",
                        "name": "Void",
                        "printedName": "()"
                      },
                      {
                        "kind": "TypeNominal",
                        "name": "Bool",
                        "printedName": "Swift.Bool",
                        "usr": "s:Sb"
                      }
                    ]
                  }
                ],
                "usr": "s:Sq"
              }
            ],
            "declKind": "Var",
            "usr": "s:3asr3ASRC20canTranscribeChangedySbcSgvp",
            "mangledName": "$s3asr3ASRC20canTranscribeChangedySbcSgvp",
            "moduleName": "asr",
            "declAttributes": [
              "HasInitialValue",
              "HasStorage",
              "Custom",
              "AccessControl"
            ],
            "hasStorage": true,
            "accessors": [
              {
                "kind": "Accessor",
                "name": "Get",
                "printedName": "Get()",
                "children": [
                  {
                    "kind": "TypeNominal",
                    "name": "Optional",
                    "printedName": "((Swift.Bool) -> ())?",
                    "children": [
                      {
                        "kind": "TypeFunc",
                        "name": "Function",
                        "printedName": "(Swift.Bool) -> ()",
                        "children": [
                          {
                            "kind": "TypeNominal",
                            "name": "Void",
                            "printedName": "()"
                          },
                          {
                            "kind": "TypeNominal",
                            "name": "Bool",
                            "printedName": "Swift.Bool",
                            "usr": "s:Sb"
                          }
                        ]
                      }
                    ],
                    "usr": "s:Sq"
                  }
                ],
                "declKind": "Accessor",
                "usr": "s:3asr3ASRC20canTranscribeChangedySbcSgvg",
                "mangledName": "$s3asr3ASRC20canTranscribeChangedySbcSgvg",
                "moduleName": "asr",
                "implicit": true,
                "accessorKind": "get"
              },
              {
                "kind": "Accessor",
                "name": "Set",
                "printedName": "Set()",
                "children": [
                  {
                    "kind": "TypeNominal",
                    "name": "Void",
                    "printedName": "()"
                  },
                  {
                    "kind": "TypeNominal",
                    "name": "Optional",
                    "printedName": "((Swift.Bool) -> ())?",
                    "children": [
                      {
                        "kind": "TypeFunc",
                        "name": "Function",
                        "printedName": "(Swift.Bool) -> ()",
                        "children": [
                          {
                            "kind": "TypeNominal",
                            "name": "Void",
                            "printedName": "()"
                          },
                          {
                            "kind": "TypeNominal",
                            "name": "Bool",
                            "printedName": "Swift.Bool",
                            "usr": "s:Sb"
                          }
                        ]
                      }
                    ],
                    "usr": "s:Sq"
                  }
                ],
                "declKind": "Accessor",
                "usr": "s:3asr3ASRC20canTranscribeChangedySbcSgvs",
                "mangledName": "$s3asr3ASRC20canTranscribeChangedySbcSgvs",
                "moduleName": "asr",
                "implicit": true,
                "accessorKind": "set"
              },
              {
                "kind": "Accessor",
                "name": "Modify",
                "printedName": "Modify()",
                "children": [
                  {
                    "kind": "TypeNominal",
                    "name": "Void",
                    "printedName": "()"
                  }
                ],
                "declKind": "Accessor",
                "usr": "s:3asr3ASRC20canTranscribeChangedySbcSgvM",
                "mangledName": "$s3asr3ASRC20canTranscribeChangedySbcSgvM",
                "moduleName": "asr",
                "implicit": true,
                "accessorKind": "_modify"
              }
            ]
          },
          {
            "kind": "Var",
            "name": "canTranscribe",
            "printedName": "canTranscribe",
            "children": [
              {
                "kind": "TypeNominal",
                "name": "Bool",
                "printedName": "Swift.Bool",
                "usr": "s:Sb"
              }
            ],
            "declKind": "Var",
            "usr": "s:3asr3ASRC13canTranscribeSbvp",
            "mangledName": "$s3asr3ASRC13canTranscribeSbvp",
            "moduleName": "asr",
            "declAttributes": [
              "HasInitialValue",
              "HasStorage",
              "Custom",
              "AccessControl"
            ],
            "hasStorage": true,
            "accessors": [
              {
                "kind": "Accessor",
                "name": "Get",
                "printedName": "Get()",
                "children": [
                  {
                    "kind": "TypeNominal",
                    "name": "Bool",
                    "printedName": "Swift.Bool",
                    "usr": "s:Sb"
                  }
                ],
                "declKind": "Accessor",
                "usr": "s:3asr3ASRC13canTranscribeSbvg",
                "mangledName": "$s3asr3ASRC13canTranscribeSbvg",
                "moduleName": "asr",
                "implicit": true,
                "accessorKind": "get"
              },
              {
                "kind": "Accessor",
                "name": "Set",
                "printedName": "Set()",
                "children": [
                  {
                    "kind": "TypeNominal",
                    "name": "Void",
                    "printedName": "()"
                  },
                  {
                    "kind": "TypeNominal",
                    "name": "Bool",
                    "printedName": "Swift.Bool",
                    "usr": "s:Sb"
                  }
                ],
                "declKind": "Accessor",
                "usr": "s:3asr3ASRC13canTranscribeSbvs",
                "mangledName": "$s3asr3ASRC13canTranscribeSbvs",
                "moduleName": "asr",
                "implicit": true,
                "accessorKind": "set"
              },
              {
                "kind": "Accessor",
                "name": "Modify",
                "printedName": "Modify()",
                "children": [
                  {
                    "kind": "TypeNominal",
                    "name": "Void",
                    "printedName": "()"
                  }
                ],
                "declKind": "Accessor",
                "usr": "s:3asr3ASRC13canTranscribeSbvM",
                "mangledName": "$s3asr3ASRC13canTranscribeSbvM",
                "moduleName": "asr",
                "implicit": true,
                "accessorKind": "_modify"
              }
            ]
          },
          {
            "kind": "Var",
            "name": "isRecordingChanged",
            "printedName": "isRecordingChanged",
            "children": [
              {
                "kind": "TypeNominal",
                "name": "Optional",
                "printedName": "((Swift.Bool) -> ())?",
                "children": [
                  {
                    "kind": "TypeFunc",
                    "name": "Function",
                    "printedName": "(Swift.Bool) -> ()",
                    "children": [
                      {
                        "kind": "TypeNominal",
                        "name": "Void",
                        "printedName": "()"
                      },
                      {
                        "kind": "TypeNominal",
                        "name": "Bool",
                        "printedName": "Swift.Bool",
                        "usr": "s:Sb"
                      }
                    ]
                  }
                ],
                "usr": "s:Sq"
              }
            ],
            "declKind": "Var",
            "usr": "s:3asr3ASRC18isRecordingChangedySbcSgvp",
            "mangledName": "$s3asr3ASRC18isRecordingChangedySbcSgvp",
            "moduleName": "asr",
            "declAttributes": [
              "HasInitialValue",
              "HasStorage",
              "Custom",
              "AccessControl"
            ],
            "hasStorage": true,
            "accessors": [
              {
                "kind": "Accessor",
                "name": "Get",
                "printedName": "Get()",
                "children": [
                  {
                    "kind": "TypeNominal",
                    "name": "Optional",
                    "printedName": "((Swift.Bool) -> ())?",
                    "children": [
                      {
                        "kind": "TypeFunc",
                        "name": "Function",
                        "printedName": "(Swift.Bool) -> ()",
                        "children": [
                          {
                            "kind": "TypeNominal",
                            "name": "Void",
                            "printedName": "()"
                          },
                          {
                            "kind": "TypeNominal",
                            "name": "Bool",
                            "printedName": "Swift.Bool",
                            "usr": "s:Sb"
                          }
                        ]
                      }
                    ],
                    "usr": "s:Sq"
                  }
                ],
                "declKind": "Accessor",
                "usr": "s:3asr3ASRC18isRecordingChangedySbcSgvg",
                "mangledName": "$s3asr3ASRC18isRecordingChangedySbcSgvg",
                "moduleName": "asr",
                "implicit": true,
                "accessorKind": "get"
              },
              {
                "kind": "Accessor",
                "name": "Set",
                "printedName": "Set()",
                "children": [
                  {
                    "kind": "TypeNominal",
                    "name": "Void",
                    "printedName": "()"
                  },
                  {
                    "kind": "TypeNominal",
                    "name": "Optional",
                    "printedName": "((Swift.Bool) -> ())?",
                    "children": [
                      {
                        "kind": "TypeFunc",
                        "name": "Function",
                        "printedName": "(Swift.Bool) -> ()",
                        "children": [
                          {
                            "kind": "TypeNominal",
                            "name": "Void",
                            "printedName": "()"
                          },
                          {
                            "kind": "TypeNominal",
                            "name": "Bool",
                            "printedName": "Swift.Bool",
                            "usr": "s:Sb"
                          }
                        ]
                      }
                    ],
                    "usr": "s:Sq"
                  }
                ],
                "declKind": "Accessor",
                "usr": "s:3asr3ASRC18isRecordingChangedySbcSgvs",
                "mangledName": "$s3asr3ASRC18isRecordingChangedySbcSgvs",
                "moduleName": "asr",
                "implicit": true,
                "accessorKind": "set"
              },
              {
                "kind": "Accessor",
                "name": "Modify",
                "printedName": "Modify()",
                "children": [
                  {
                    "kind": "TypeNominal",
                    "name": "Void",
                    "printedName": "()"
                  }
                ],
                "declKind": "Accessor",
                "usr": "s:3asr3ASRC18isRecordingChangedySbcSgvM",
                "mangledName": "$s3asr3ASRC18isRecordingChangedySbcSgvM",
                "moduleName": "asr",
                "implicit": true,
                "accessorKind": "_modify"
              }
            ]
          },
          {
            "kind": "Var",
            "name": "isRecording",
            "printedName": "isRecording",
            "children": [
              {
                "kind": "TypeNominal",
                "name": "Bool",
                "printedName": "Swift.Bool",
                "usr": "s:Sb"
              }
            ],
            "declKind": "Var",
            "usr": "s:3asr3ASRC11isRecordingSbvp",
            "mangledName": "$s3asr3ASRC11isRecordingSbvp",
            "moduleName": "asr",
            "declAttributes": [
              "HasInitialValue",
              "HasStorage",
              "Custom",
              "AccessControl"
            ],
            "hasStorage": true,
            "accessors": [
              {
                "kind": "Accessor",
                "name": "Get",
                "printedName": "Get()",
                "children": [
                  {
                    "kind": "TypeNominal",
                    "name": "Bool",
                    "printedName": "Swift.Bool",
                    "usr": "s:Sb"
                  }
                ],
                "declKind": "Accessor",
                "usr": "s:3asr3ASRC11isRecordingSbvg",
                "mangledName": "$s3asr3ASRC11isRecordingSbvg",
                "moduleName": "asr",
                "implicit": true,
                "accessorKind": "get"
              },
              {
                "kind": "Accessor",
                "name": "Set",
                "printedName": "Set()",
                "children": [
                  {
                    "kind": "TypeNominal",
                    "name": "Void",
                    "printedName": "()"
                  },
                  {
                    "kind": "TypeNominal",
                    "name": "Bool",
                    "printedName": "Swift.Bool",
                    "usr": "s:Sb"
                  }
                ],
                "declKind": "Accessor",
                "usr": "s:3asr3ASRC11isRecordingSbvs",
                "mangledName": "$s3asr3ASRC11isRecordingSbvs",
                "moduleName": "asr",
                "implicit": true,
                "accessorKind": "set"
              },
              {
                "kind": "Accessor",
                "name": "Modify",
                "printedName": "Modify()",
                "children": [
                  {
                    "kind": "TypeNominal",
                    "name": "Void",
                    "printedName": "()"
                  }
                ],
                "declKind": "Accessor",
                "usr": "s:3asr3ASRC11isRecordingSbvM",
                "mangledName": "$s3asr3ASRC11isRecordingSbvM",
                "moduleName": "asr",
                "implicit": true,
                "accessorKind": "_modify"
              }
            ]
          },
          {
            "kind": "Var",
            "name": "isStreamingProcessingChanged",
            "printedName": "isStreamingProcessingChanged",
            "children": [
              {
                "kind": "TypeNominal",
                "name": "Optional",
                "printedName": "((Swift.Bool) -> ())?",
                "children": [
                  {
                    "kind": "TypeFunc",
                    "name": "Function",
                    "printedName": "(Swift.Bool) -> ()",
                    "children": [
                      {
                        "kind": "TypeNominal",
                        "name": "Void",
                        "printedName": "()"
                      },
                      {
                        "kind": "TypeNominal",
                        "name": "Bool",
                        "printedName": "Swift.Bool",
                        "usr": "s:Sb"
                      }
                    ]
                  }
                ],
                "usr": "s:Sq"
              }
            ],
            "declKind": "Var",
            "usr": "s:3asr3ASRC28isStreamingProcessingChangedySbcSgvp",
            "mangledName": "$s3asr3ASRC28isStreamingProcessingChangedySbcSgvp",
            "moduleName": "asr",
            "declAttributes": [
              "HasInitialValue",
              "HasStorage",
              "Custom",
              "AccessControl"
            ],
            "hasStorage": true,
            "accessors": [
              {
                "kind": "Accessor",
                "name": "Get",
                "printedName": "Get()",
                "children": [
                  {
                    "kind": "TypeNominal",
                    "name": "Optional",
                    "printedName": "((Swift.Bool) -> ())?",
                    "children": [
                      {
                        "kind": "TypeFunc",
                        "name": "Function",
                        "printedName": "(Swift.Bool) -> ()",
                        "children": [
                          {
                            "kind": "TypeNominal",
                            "name": "Void",
                            "printedName": "()"
                          },
                          {
                            "kind": "TypeNominal",
                            "name": "Bool",
                            "printedName": "Swift.Bool",
                            "usr": "s:Sb"
                          }
                        ]
                      }
                    ],
                    "usr": "s:Sq"
                  }
                ],
                "declKind": "Accessor",
                "usr": "s:3asr3ASRC28isStreamingProcessingChangedySbcSgvg",
                "mangledName": "$s3asr3ASRC28isStreamingProcessingChangedySbcSgvg",
                "moduleName": "asr",
                "implicit": true,
                "accessorKind": "get"
              },
              {
                "kind": "Accessor",
                "name": "Set",
                "printedName": "Set()",
                "children": [
                  {
                    "kind": "TypeNominal",
                    "name": "Void",
                    "printedName": "()"
                  },
                  {
                    "kind": "TypeNominal",
                    "name": "Optional",
                    "printedName": "((Swift.Bool) -> ())?",
                    "children": [
                      {
                        "kind": "TypeFunc",
                        "name": "Function",
                        "printedName": "(Swift.Bool) -> ()",
                        "children": [
                          {
                            "kind": "TypeNominal",
                            "name": "Void",
                            "printedName": "()"
                          },
                          {
                            "kind": "TypeNominal",
                            "name": "Bool",
                            "printedName": "Swift.Bool",
                            "usr": "s:Sb"
                          }
                        ]
                      }
                    ],
                    "usr": "s:Sq"
                  }
                ],
                "declKind": "Accessor",
                "usr": "s:3asr3ASRC28isStreamingProcessingChangedySbcSgvs",
                "mangledName": "$s3asr3ASRC28isStreamingProcessingChangedySbcSgvs",
                "moduleName": "asr",
                "implicit": true,
                "accessorKind": "set"
              },
              {
                "kind": "Accessor",
                "name": "Modify",
                "printedName": "Modify()",
                "children": [
                  {
                    "kind": "TypeNominal",
                    "name": "Void",
                    "printedName": "()"
                  }
                ],
                "declKind": "Accessor",
                "usr": "s:3asr3ASRC28isStreamingProcessingChangedySbcSgvM",
                "mangledName": "$s3asr3ASRC28isStreamingProcessingChangedySbcSgvM",
                "moduleName": "asr",
                "implicit": true,
                "accessorKind": "_modify"
              }
            ]
          },
          {
            "kind": "Var",
            "name": "isStreamingProcessing",
            "printedName": "isStreamingProcessing",
            "children": [
              {
                "kind": "TypeNominal",
                "name": "Bool",
                "printedName": "Swift.Bool",
                "usr": "s:Sb"
              }
            ],
            "declKind": "Var",
            "usr": "s:3asr3ASRC21isStreamingProcessingSbvp",
            "mangledName": "$s3asr3ASRC21isStreamingProcessingSbvp",
            "moduleName": "asr",
            "declAttributes": [
              "HasInitialValue",
              "HasStorage",
              "Custom",
              "AccessControl"
            ],
            "hasStorage": true,
            "accessors": [
              {
                "kind": "Accessor",
                "name": "Get",
                "printedName": "Get()",
                "children": [
                  {
                    "kind": "TypeNominal",
                    "name": "Bool",
                    "printedName": "Swift.Bool",
                    "usr": "s:Sb"
                  }
                ],
                "declKind": "Accessor",
                "usr": "s:3asr3ASRC21isStreamingProcessingSbvg",
                "mangledName": "$s3asr3ASRC21isStreamingProcessingSbvg",
                "moduleName": "asr",
                "implicit": true,
                "accessorKind": "get"
              },
              {
                "kind": "Accessor",
                "name": "Set",
                "printedName": "Set()",
                "children": [
                  {
                    "kind": "TypeNominal",
                    "name": "Void",
                    "printedName": "()"
                  },
                  {
                    "kind": "TypeNominal",
                    "name": "Bool",
                    "printedName": "Swift.Bool",
                    "usr": "s:Sb"
                  }
                ],
                "declKind": "Accessor",
                "usr": "s:3asr3ASRC21isStreamingProcessingSbvs",
                "mangledName": "$s3asr3ASRC21isStreamingProcessingSbvs",
                "moduleName": "asr",
                "implicit": true,
                "accessorKind": "set"
              },
              {
                "kind": "Accessor",
                "name": "Modify",
                "printedName": "Modify()",
                "children": [
                  {
                    "kind": "TypeNominal",
                    "name": "Void",
                    "printedName": "()"
                  }
                ],
                "declKind": "Accessor",
                "usr": "s:3asr3ASRC21isStreamingProcessingSbvM",
                "mangledName": "$s3asr3ASRC21isStreamingProcessingSbvM",
                "moduleName": "asr",
                "implicit": true,
                "accessorKind": "_modify"
              }
            ]
          },
          {
            "kind": "Var",
            "name": "languageCode",
            "printedName": "languageCode",
            "children": [
              {
                "kind": "TypeNominal",
                "name": "String",
                "printedName": "Swift.String",
                "usr": "s:SS"
              }
            ],
            "declKind": "Var",
            "usr": "s:3asr3ASRC12languageCodeSSvp",
            "mangledName": "$s3asr3ASRC12languageCodeSSvp",
            "moduleName": "asr",
            "declAttributes": [
              "HasInitialValue",
              "HasStorage",
              "Custom",
              "AccessControl"
            ],
            "hasStorage": true,
            "accessors": [
              {
                "kind": "Accessor",
                "name": "Get",
                "printedName": "Get()",
                "children": [
                  {
                    "kind": "TypeNominal",
                    "name": "String",
                    "printedName": "Swift.String",
                    "usr": "s:SS"
                  }
                ],
                "declKind": "Accessor",
                "usr": "s:3asr3ASRC12languageCodeSSvg",
                "mangledName": "$s3asr3ASRC12languageCodeSSvg",
                "moduleName": "asr",
                "implicit": true,
                "accessorKind": "get"
              },
              {
                "kind": "Accessor",
                "name": "Set",
                "printedName": "Set()",
                "children": [
                  {
                    "kind": "TypeNominal",
                    "name": "Void",
                    "printedName": "()"
                  },
                  {
                    "kind": "TypeNominal",
                    "name": "String",
                    "printedName": "Swift.String",
                    "usr": "s:SS"
                  }
                ],
                "declKind": "Accessor",
                "usr": "s:3asr3ASRC12languageCodeSSvs",
                "mangledName": "$s3asr3ASRC12languageCodeSSvs",
                "moduleName": "asr",
                "implicit": true,
                "accessorKind": "set"
              },
              {
                "kind": "Accessor",
                "name": "Modify",
                "printedName": "Modify()",
                "children": [
                  {
                    "kind": "TypeNominal",
                    "name": "Void",
                    "printedName": "()"
                  }
                ],
                "declKind": "Accessor",
                "usr": "s:3asr3ASRC12languageCodeSSvM",
                "mangledName": "$s3asr3ASRC12languageCodeSSvM",
                "moduleName": "asr",
                "implicit": true,
                "accessorKind": "_modify"
              }
            ]
          },
          {
            "kind": "Constructor",
            "name": "init",
            "printedName": "init(modelUrl:)",
            "children": [
              {
                "kind": "TypeNominal",
                "name": "ASR",
                "printedName": "asr.ASR",
                "usr": "c:@M@asr@objc(cs)ASR"
              },
              {
                "kind": "TypeNominal",
                "name": "Optional",
                "printedName": "Foundation.URL?",
                "children": [
                  {
                    "kind": "TypeNominal",
                    "name": "URL",
                    "printedName": "Foundation.URL",
                    "usr": "s:10Foundation3URLV"
                  }
                ],
                "usr": "s:Sq"
              }
            ],
            "declKind": "Constructor",
            "usr": "s:3asr3ASRC8modelUrlAC10Foundation3URLVSg_tcfc",
            "mangledName": "$s3asr3ASRC8modelUrlAC10Foundation3URLVSg_tcfc",
            "moduleName": "asr",
            "declAttributes": [
              "Custom",
              "AccessControl"
            ],
            "init_kind": "Designated"
          },
          {
            "kind": "Function",
            "name": "loadModel",
            "printedName": "loadModel(modelUrl:)",
            "children": [
              {
                "kind": "TypeNominal",
                "name": "Void",
                "printedName": "()"
              },
              {
                "kind": "TypeNominal",
                "name": "Optional",
                "printedName": "Foundation.URL?",
                "children": [
                  {
                    "kind": "TypeNominal",
                    "name": "URL",
                    "printedName": "Foundation.URL",
                    "usr": "s:10Foundation3URLV"
                  }
                ],
                "usr": "s:Sq"
              }
            ],
            "declKind": "Func",
            "usr": "s:3asr3ASRC9loadModel8modelUrly10Foundation3URLVSg_tKF",
            "mangledName": "$s3asr3ASRC9loadModel8modelUrly10Foundation3URLVSg_tKF",
            "moduleName": "asr",
            "declAttributes": [
              "Custom",
              "AccessControl"
            ],
            "throwing": true,
            "funcSelfKind": "NonMutating"
          },
          {
            "kind": "Function",
            "name": "startRecording",
            "printedName": "startRecording()",
            "children": [
              {
                "kind": "TypeNominal",
                "name": "Void",
                "printedName": "()"
              }
            ],
            "declKind": "Func",
            "usr": "s:3asr3ASRC14startRecordingyyF",
            "mangledName": "$s3asr3ASRC14startRecordingyyF",
            "moduleName": "asr",
            "declAttributes": [
              "Custom",
              "AccessControl"
            ],
            "funcSelfKind": "NonMutating"
          },
          {
            "kind": "Function",
            "name": "stopRecording",
            "printedName": "stopRecording()",
            "children": [
              {
                "kind": "TypeNominal",
                "name": "Void",
                "printedName": "()"
              }
            ],
            "declKind": "Func",
            "usr": "s:3asr3ASRC13stopRecordingyyYaF",
            "mangledName": "$s3asr3ASRC13stopRecordingyyYaF",
            "moduleName": "asr",
            "declAttributes": [
              "Custom",
              "AccessControl"
            ],
            "funcSelfKind": "NonMutating"
          },
          {
            "kind": "Function",
            "name": "toggleRecord",
            "printedName": "toggleRecord()",
            "children": [
              {
                "kind": "TypeNominal",
                "name": "Void",
                "printedName": "()"
              }
            ],
            "declKind": "Func",
            "usr": "s:3asr3ASRC12toggleRecordyyYaF",
            "mangledName": "$s3asr3ASRC12toggleRecordyyYaF",
            "moduleName": "asr",
            "declAttributes": [
              "Custom",
              "AccessControl"
            ],
            "funcSelfKind": "NonMutating"
          },
          {
            "kind": "Function",
            "name": "startStreamingProcessing",
            "printedName": "startStreamingProcessing()",
            "children": [
              {
                "kind": "TypeNominal",
                "name": "Void",
                "printedName": "()"
              }
            ],
            "declKind": "Func",
            "usr": "s:3asr3ASRC24startStreamingProcessingyyF",
            "mangledName": "$s3asr3ASRC24startStreamingProcessingyyF",
            "moduleName": "asr",
            "declAttributes": [
              "Custom",
              "AccessControl"
            ],
            "funcSelfKind": "NonMutating"
          },
          {
            "kind": "Function",
            "name": "stopStreamingProcessing",
            "printedName": "stopStreamingProcessing()",
            "children": [
              {
                "kind": "TypeNominal",
                "name": "Void",
                "printedName": "()"
              }
            ],
            "declKind": "Func",
            "usr": "s:3asr3ASRC23stopStreamingProcessingyyF",
            "mangledName": "$s3asr3ASRC23stopStreamingProcessingyyF",
            "moduleName": "asr",
            "declAttributes": [
              "Custom",
              "AccessControl"
            ],
            "funcSelfKind": "NonMutating"
          },
          {
            "kind": "Function",
            "name": "getTranscription",
            "printedName": "getTranscription()",
            "children": [
              {
                "kind": "TypeNominal",
                "name": "String",
                "printedName": "Swift.String",
                "usr": "s:SS"
              }
            ],
            "declKind": "Func",
            "usr": "s:3asr3ASRC16getTranscriptionSSyF",
            "mangledName": "$s3asr3ASRC16getTranscriptionSSyF",
            "moduleName": "asr",
            "declAttributes": [
              "Custom",
              "AccessControl"
            ],
            "funcSelfKind": "NonMutating"
          },
          {
            "kind": "Function",
            "name": "audioRecorderEncodeErrorDidOccur",
            "printedName": "audioRecorderEncodeErrorDidOccur(_:error:)",
            "children": [
              {
                "kind": "TypeNominal",
                "name": "Void",
                "printedName": "()"
              },
              {
                "kind": "TypeNominal",
                "name": "AVAudioRecorder",
                "printedName": "AVFAudio.AVAudioRecorder",
                "usr": "c:objc(cs)AVAudioRecorder"
              },
              {
                "kind": "TypeNominal",
                "name": "Optional",
                "printedName": "(any Swift.Error)?",
                "children": [
                  {
                    "kind": "TypeNominal",
                    "name": "Error",
                    "printedName": "any Swift.Error",
                    "usr": "s:s5ErrorP"
                  }
                ],
                "usr": "s:Sq"
              }
            ],
            "declKind": "Func",
            "usr": "c:@M@asr@objc(cs)ASR(im)audioRecorderEncodeErrorDidOccur:error:",
            "mangledName": "$s3asr3ASRC32audioRecorderEncodeErrorDidOccur_5errorySo07AVAudioD0C_s0F0_pSgtF",
            "moduleName": "asr",
            "objc_name": "audioRecorderEncodeErrorDidOccur:error:",
            "declAttributes": [
              "ObjC",
              "AccessControl",
              "Nonisolated",
              "RawDocComment"
            ],
            "funcSelfKind": "NonMutating"
          },
          {
            "kind": "Function",
            "name": "audioRecorderDidFinishRecording",
            "printedName": "audioRecorderDidFinishRecording(_:successfully:)",
            "children": [
              {
                "kind": "TypeNominal",
                "name": "Void",
                "printedName": "()"
              },
              {
                "kind": "TypeNominal",
                "name": "AVAudioRecorder",
                "printedName": "AVFAudio.AVAudioRecorder",
                "usr": "c:objc(cs)AVAudioRecorder"
              },
              {
                "kind": "TypeNominal",
                "name": "Bool",
                "printedName": "Swift.Bool",
                "usr": "s:Sb"
              }
            ],
            "declKind": "Func",
            "usr": "c:@M@asr@objc(cs)ASR(im)audioRecorderDidFinishRecording:successfully:",
            "mangledName": "$s3asr3ASRC31audioRecorderDidFinishRecording_12successfullyySo07AVAudioD0C_SbtF",
            "moduleName": "asr",
            "objc_name": "audioRecorderDidFinishRecording:successfully:",
            "declAttributes": [
              "ObjC",
              "AccessControl",
              "Nonisolated"
            ],
            "funcSelfKind": "NonMutating"
          },
          {
            "kind": "Constructor",
            "name": "init",
            "printedName": "init()",
            "children": [
              {
                "kind": "TypeNominal",
                "name": "ASR",
                "printedName": "asr.ASR",
                "usr": "c:@M@asr@objc(cs)ASR"
              }
            ],
            "declKind": "Constructor",
            "usr": "c:@M@asr@objc(cs)ASR(im)init",
            "mangledName": "$s3asr3ASRCACycfc",
            "moduleName": "asr",
            "overriding": true,
            "implicit": true,
            "objc_name": "init",
            "declAttributes": [
              "Dynamic",
              "ObjC",
              "Custom",
              "Override"
            ],
            "init_kind": "Designated"
          }
        ],
        "declKind": "Class",
        "usr": "c:@M@asr@objc(cs)ASR",
        "mangledName": "$s3asr3ASRC",
        "moduleName": "asr",
        "declAttributes": [
          "AccessControl",
          "Custom",
          "ObjC"
        ],
        "superclassUsr": "c:objc(cs)NSObject",
        "superclassNames": [
          "ObjectiveC.NSObject"
        ],
        "conformances": [
          {
            "kind": "Conformance",
            "name": "Equatable",
            "printedName": "Equatable",
            "usr": "s:SQ",
            "mangledName": "$sSQ"
          },
          {
            "kind": "Conformance",
            "name": "Hashable",
            "printedName": "Hashable",
            "usr": "s:SH",
            "mangledName": "$sSH"
          },
          {
            "kind": "Conformance",
            "name": "CVarArg",
            "printedName": "CVarArg",
            "usr": "s:s7CVarArgP",
            "mangledName": "$ss7CVarArgP"
          },
          {
            "kind": "Conformance",
            "name": "_KeyValueCodingAndObservingPublishing",
            "printedName": "_KeyValueCodingAndObservingPublishing",
            "usr": "s:10Foundation37_KeyValueCodingAndObservingPublishingP",
            "mangledName": "$s10Foundation37_KeyValueCodingAndObservingPublishingP"
          },
          {
            "kind": "Conformance",
            "name": "_KeyValueCodingAndObserving",
            "printedName": "_KeyValueCodingAndObserving",
            "usr": "s:10Foundation27_KeyValueCodingAndObservingP",
            "mangledName": "$s10Foundation27_KeyValueCodingAndObservingP"
          },
          {
            "kind": "Conformance",
            "name": "CustomStringConvertible",
            "printedName": "CustomStringConvertible",
            "usr": "s:s23CustomStringConvertibleP",
            "mangledName": "$ss23CustomStringConvertibleP"
          },
          {
            "kind": "Conformance",
            "name": "CustomDebugStringConvertible",
            "printedName": "CustomDebugStringConvertible",
            "usr": "s:s28CustomDebugStringConvertibleP",
            "mangledName": "$ss28CustomDebugStringConvertibleP"
          },
          {
            "kind": "Conformance",
            "name": "Sendable",
            "printedName": "Sendable",
            "usr": "s:s8SendableP",
            "mangledName": "$ss8SendableP"
          }
        ]
      },
      {
        "kind": "Import",
        "name": "Foundation",
        "printedName": "Foundation",
        "declKind": "Import",
        "moduleName": "asr",
        "declAttributes": [
          "RawDocComment"
        ]
      },
      {
        "kind": "Import",
        "name": "AVFoundation",
        "printedName": "AVFoundation",
        "declKind": "Import",
        "moduleName": "asr"
      },
      {
        "kind": "Import",
        "name": "Foundation",
        "printedName": "Foundation",
        "declKind": "Import",
        "moduleName": "asr",
        "declAttributes": [
          "RawDocComment"
        ]
      }
    ],
    "json_format_version": 8
  },
  "ConstValues": [
    {
      "filePath": "\/Users\/ban\/src\/asr-src\/asr\/asr\/libwhisper.swift",
      "kind": "BooleanLiteral",
      "offset": 336,
      "length": 5,
      "value": "false"
    },
    {
      "filePath": "\/Users\/ban\/src\/asr-src\/asr\/asr\/libwhisper.swift",
      "kind": "StringLiteral",
      "offset": 570,
      "length": 4,
      "value": "\"en\""
    },
    {
      "filePath": "\/Users\/ban\/src\/asr-src\/asr\/asr\/Whisper.swift",
      "kind": "StringLiteral",
      "offset": 264,
      "length": 2,
      "value": "\"\""
    },
    {
      "filePath": "\/Users\/ban\/src\/asr-src\/asr\/asr\/Whisper.swift",
      "kind": "StringLiteral",
      "offset": 439,
      "length": 2,
      "value": "\"\""
    },
    {
      "filePath": "\/Users\/ban\/src\/asr-src\/asr\/asr\/Whisper.swift",
      "kind": "StringLiteral",
      "offset": 602,
      "length": 2,
      "value": "\"\""
    },
    {
      "filePath": "\/Users\/ban\/src\/asr-src\/asr\/asr\/Whisper.swift",
      "kind": "BooleanLiteral",
      "offset": 766,
      "length": 5,
      "value": "false"
    },
    {
      "filePath": "\/Users\/ban\/src\/asr-src\/asr\/asr\/Whisper.swift",
      "kind": "BooleanLiteral",
      "offset": 938,
      "length": 5,
      "value": "false"
    },
    {
      "filePath": "\/Users\/ban\/src\/asr-src\/asr\/asr\/Whisper.swift",
      "kind": "BooleanLiteral",
      "offset": 1126,
      "length": 5,
      "value": "false"
    },
    {
      "filePath": "\/Users\/ban\/src\/asr-src\/asr\/asr\/Whisper.swift",
      "kind": "StringLiteral",
      "offset": 1262,
      "length": 4,
      "value": "\"en\""
    },
    {
      "filePath": "\/Users\/ban\/src\/asr-src\/asr\/asr\/Whisper.swift",
      "kind": "IntegerLiteral",
      "offset": 1521,
      "length": 5,
      "value": "16000"
    },
    {
      "filePath": "\/Users\/ban\/src\/asr-src\/asr\/asr\/Whisper.swift",
      "kind": "FloatLiteral",
      "offset": 1562,
      "length": 3,
      "value": "0.5"
    },
    {
      "filePath": "\/Users\/ban\/src\/asr-src\/asr\/asr\/Whisper.swift",
      "kind": "FloatLiteral",
      "offset": 1609,
      "length": 3,
      "value": "0.2"
    },
    {
      "filePath": "\/Users\/ban\/src\/asr-src\/asr\/asr\/Whisper.swift",
      "kind": "IntegerLiteral",
      "offset": 1665,
      "length": 1,
      "value": "5"
    },
    {
      "filePath": "\/Users\/ban\/src\/asr-src\/asr\/asr\/Whisper.swift",
      "kind": "Array",
      "offset": 1762,
      "length": 2,
      "value": "[]"
    },
    {
      "filePath": "\/Users\/ban\/src\/asr-src\/asr\/asr\/Whisper.swift",
      "kind": "Array",
      "offset": 1812,
      "length": 2,
      "value": "[]"
    },
    {
      "filePath": "\/Users\/ban\/src\/asr-src\/asr\/asr\/Whisper.swift",
      "kind": "IntegerLiteral",
      "offset": 1861,
      "length": 1,
      "value": "0"
    },
    {
      "filePath": "\/Users\/ban\/src\/asr-src\/asr\/asr\/Whisper.swift",
      "kind": "IntegerLiteral",
      "offset": 1905,
      "length": 1,
      "value": "0"
    },
    {
      "filePath": "\/Users\/ban\/src\/asr-src\/asr\/asr\/Whisper.swift",
      "kind": "IntegerLiteral",
      "offset": 1957,
      "length": 1,
      "value": "5"
    },
    {
      "filePath": "\/Users\/ban\/src\/asr-src\/asr\/asr\/Whisper.swift",
      "kind": "BooleanLiteral",
      "offset": 1999,
      "length": 5,
      "value": "false"
    },
    {
      "filePath": "\/Users\/ban\/src\/asr-src\/asr\/asr\/Whisper.swift",
      "kind": "StringLiteral",
      "offset": 140,
      "length": 3,
      "value": "\"asr.ASR\""
    }
  ]
}